{"Questions":[{"imageName":"Chicken.png","questionName":"Are chickens Omnivores?","tags":"Animals","typeAnswer":1,"answers":["",""],"textOrImage":[0,0],"selectedAnswers":[true,false],"trueOrFalse":true,"key":"62002.1290797"},{"imageName":"","questionName":"What's the fastest animal?","tags":"Animals","typeAnswer":0,"answers":["Rabbit","Cheetah","Shark","Bird"],"textOrImage":[0,0,0,0],"selectedAnswers":[false,true,false,false],"trueOrFalse":false,"key":"74042.2280342"},{"imageName":"ChickenMask.png","questionName":"Guess who?","tags":"Animals","typeAnswer":0,"answers":["Bird","Rabbit","Shark","Chicken"],"textOrImage":[0,0,0,0],"selectedAnswers":[false,false,false,true],"trueOrFalse":false,"key":"80252.3252458"},{"imageName":"","questionName":"Did Atlantis Exist?","tags":"General Knowledge","typeAnswer":1,"answers":["",""],"textOrImage":[0,0],"selectedAnswers":[false,true],"trueOrFalse":false,"key":"97732.7218585"},{"imageName":"PlanetEarth.png","questionName":"What galaxy is Earth in?","tags":"General Knowledge","typeAnswer":0,"answers":["Solar System","Andromeda Galaxy","Black Eye Galaxy","Eye of Sauron"],"textOrImage":[0,0,0,0],"selectedAnswers":[true,false,false,false],"trueOrFalse":true,"key":"45022.8234647"},{"imageName":"FlagSpain.png","questionName":"Spain is a member of European Union?","tags":"General Knowledge","typeAnswer":1,"answers":["",""],"textOrImage":[0,0],"selectedAnswers":[true,false],"trueOrFalse":true,"key":"92782.9229192"},{"imageName":"","questionName":"What is the flag of France?","tags":"General Knowledge","typeAnswer":0,"answers":["FlagItaly_Answer.png","FlagBrasil_Answer.png","FlagFrance_Answer.png","FlagGermany_Answer.png"],"textOrImage":[1,1,1,1],"selectedAnswers":[false,false,true,false],"trueOrFalse":false,"key":"69341.7289076"},{"imageName":"NileRiver.png","questionName":"","tags":"General Knowledge","typeAnswer":0,"answers":["Tunisia","Egypt","Germany","Spain"],"textOrImage":[0,0,0,0],"selectedAnswers":[false,true,false,false],"trueOrFalse":false,"key":"14140.5288890"},{"imageName":"FlagBrasil.png","questionName":"How many soccer world cups has Brazil won?","tags":"Sports","typeAnswer":0,"answers":["1","4","2","5"],"textOrImage":[0,0,0,0],"selectedAnswers":[false,false,false,true],"trueOrFalse":false,"key":"34650.6262271"},{"imageName":"","questionName":"Is tennis olympic sport?","tags":"Sports","typeAnswer":1,"answers":["",""],"textOrImage":[0,0],"selectedAnswers":[true,false],"trueOrFalse":true,"key":"13130.1297024"},{"imageName":"SelectTenisBall.png","questionName":"","tags":"Sports","typeAnswer":0,"answers":["Baseball_Answer.png","SoccerBall_Answer.png","TennisBall_Answer.png"],"textOrImage":[1,1,1],"selectedAnswers":[false,false,true],"trueOrFalse":false,"key":"96942.2282244"}]}